testUser1,Test,User,TestUser1@test.test,Password123@
testUser2,Test,User,TestUser2@test.test,Password123@
testUser3,Test,User,TestUser3@test.test,Password123@
testUser4,Test,User,TestUser4@test.test,Password123@
testUser5,Test,User,TestUser5@test.test,Password123@
testUser6,Test,User,TestUser6@test.test,Password123@
testUser7,Test,User,TestUser7@test.test,Password123@
testUser8,Test,User,TestUser8@test.test,Password123@
testUser9,Test,User,TestUser9@test.test,Password123@
testUser10,Test,User,TestUser10@test.test,Password123@
testUser11,Test,User,TestUser11@test.test,Password123@
testUser12,Test,User,TestUser12@test.test,Password123@
testUser13,Test,User,TestUser13@test.test,Password123@
testUser14,Test,User,TestUser14@test.test,Password123@
testUser15,Test,User,TestUser15@test.test,Password123@
testUser16,Test,User,TestUser16@test.test,Password123@
testUser17,Test,User,TestUser17@test.test,Password123@
testUser18,Test,User,TestUser18@test.test,Password123@
testUser19,Test,User,TestUser19@test.test,Password123@
testUser20,Test,User,TestUser20@test.test,Password123@
testUser21,Test,User,TestUser21@test.test,Password123@